{"Loss/train": [[1725512810.0628796, 1, 3.2646126025159594], [1725512811.2145967, 2, 1.7562940028351797], [1725512812.348817, 3, 1.6634139250701583], [1725512813.5039637, 4, 1.6403221353678636], [1725512814.6611137, 5, 1.6154880993802783], [1725512815.8248699, 6, 1.6393221238969078], [1725512816.9952333, 7, 1.7265573295069412], [1725512818.1515546, 8, 1.8027285891519467], [1725512819.3045363, 9, 1.8925160488612216], [1725512820.4426205, 10, 2.0543845010475374], [1725512821.6020522, 11, 2.0493429680945168], [1725512822.7607439, 12, 2.0519288778305054], [1725512823.9154966, 13, 2.795929193496704], [1725512825.0940726, 14, 3.384021089110576], [1725512826.2586398, 15, 2.8900208137404753]], "Loss/test": [[1725512810.062943, 1, 1.8635139531559415], [1725512811.214653, 2, 1.638650010029475], [1725512812.3488715, 3, 1.6588356561130948], [1725512813.50402, 4, 1.609429207113054], [1725512814.6611698, 5, 1.603214876519309], [1725512815.8249247, 6, 1.6559916072421603], [1725512816.9952893, 7, 1.7235783139864604], [1725512818.151612, 8, 1.8262244231171079], [1725512819.3045924, 9, 1.986984481414159], [1725512820.4426768, 10, 2.0098043945100574], [1725512821.602108, 11, 1.9081867304113176], [1725512822.7607996, 12, 2.1972062091032663], [1725512823.915553, 13, 3.1188147332933216], [1725512825.0941288, 14, 2.54515548547109], [1725512826.2586946, 15, 2.0686898231506348]]}