{"Loss/train": [[1725511772.4923, 1, 1.211231378182559], [1725511774.9071417, 2, 0.9619871747325843], [1725511776.9641435, 3, 0.9337753149825083], [1725511778.6767702, 4, 0.9123973401499467], [1725511780.4095924, 5, 0.8652541608038083], [1725511782.554712, 6, 0.8018001561433497], [1725511784.9075043, 7, 0.7331826304885704], [1725511787.2926223, 8, 0.669529744437043], [1725511789.2190282, 9, 0.615539315300928], [1725511790.9256518, 10, 0.578192242434327], [1725511792.6812544, 11, 0.5463716979597656], [1725511794.5418956, 12, 0.521802189274573], [1725511796.46779, 13, 0.49919244101349736], [1725511798.3997247, 14, 0.47923670646170496], [1725511800.575896, 15, 0.46555784134797645]], "Loss/test": [[1725511772.4923725, 1, 0.9892575426234139], [1725511774.9071999, 2, 0.9539085543817944], [1725511776.9642024, 3, 0.9585564153061973], [1725511778.6768267, 4, 0.9483206851614846], [1725511780.4096565, 5, 0.9508826285600662], [1725511782.5547764, 6, 0.9827860113647249], [1725511784.9075675, 7, 0.9901825504170524], [1725511787.2926815, 8, 1.0255396664142609], [1725511789.2190912, 9, 1.0460880448420842], [1725511790.9257076, 10, 1.062400511569447], [1725511792.681312, 11, 1.0783009678125381], [1725511794.5419536, 12, 1.1033491575055652], [1725511796.467852, 13, 1.1186259388923645], [1725511798.399789, 14, 1.1191155281331804], [1725511800.575953, 15, 1.1304365826977625]]}